"","Gene_name","EntrezID"
"1","Aatf","56321"
"2","Actn1","109711"
"3","Actn4","60595"
"4","Adnp2","240442"
"5","Aebp2","11569"
"6","Aff1","17355"
"7","Aff3","16764"
"8","Ahctf1","226747"
"9","Aip","11632"
"10","Akna","100182"
"11","Alx1","216285"
"12","Alx3","11694"
"13","Alx4","11695"
"14","Ankra2","68558"
"15","Ankrd1","107765"
"16","Apex1","11792"
"17","Arid3a","13496"
"18","Arid3b","56380"
"19","Arid5b","71371"
"20","Arl2bp","107566"
"21","Arnt2","11864"
"22","Ascc1","69090"
"23","Ascl1","17172"
"24","Asxl1","228790"
"25","Atf1","11908"
"26","Atf2","11909"
"27","Atf3","11910"
"28","Atf5","107503"
"29","Atf6","226641"
"30","Atf6b","12915"
"31","Atf7ip","54343"
"32","Atxn7l3","217218"
"33","Bach1","12013"
"34","Bach2","12014"
"35","Basp1","70350"
"36","Batf3","381319"
"37","Bmpr1a","12166"
"38","Brd7","26992"
"39","Btg2","12227"
"40","C1d","57316"
"41","C1qbp","12261"
"42","Calcoco1","67488"
"43","Camta1","100072"
"44","Camta2","216874"
"45","Carm1","59035"
"46","Casp8ap2","26885"
"47","Cbfa2t2","12396"
"48","Cbfa2t3","12398"
"49","Cbfb","12400"
"50","Cc2d1a","212139"
"51","Cc2d1b","319965"
"52","Ccar1","67500"
"53","Ccnd1","12443"
"54","Cdx1","12590"
"55","Cdx2","12591"
"56","Cdx4","12592"
"57","Cdyl","12593"
"58","Cebpg","12611"
"59","Cebpz","12607"
"60","Cenpj","219103"
"61","Cggbp1","106143"
"62","Chchd3","66075"
"63","Ciao1","26371"
"64","Cited1","12705"
"65","Cited2","17684"
"66","Cited4","56222"
"67","Cops2","12848"
"68","Cops5","26754"
"69","Creb1","12912"
"70","Creb3l1","26427"
"71","Creb3l2","208647"
"72","Crebbp","12914"
"73","Crem","12916"
"74","Cry1","12952"
"75","Csrnp1","215418"
"76","Csrnp2","207785"
"77","Ctbp1","13016"
"78","Ctbp2","13017"
"79","Ctcf","13018"
"80","Ctnnb1","12387"
"81","Dach1","13134"
"82","Daxx","13163"
"83","Ddx1","104721"
"84","Ddx17","67040"
"85","Ddx54","71990"
"86","Deaf1","54006"
"87","Dlx2","13392"
"88","Dlx3","13393"
"89","Dlx5","13395"
"90","Dmap1","66233"
"91","Dmrt2","226049"
"92","Dmrta2","242620"
"93","Dppa2","73703"
"94","Dppa4","73693"
"95","Dppa5a","434423"
"96","Drap1","66556"
"97","Dyrk1b","13549"
"98","E2f1","13555"
"99","E2f2","242705"
"100","E2f4","104394"
"101","E2f5","13559"
"102","E2f6","50496"
"103","E2f7","52679"
"104","E2f8","108961"
"105","E4f1","13560"
"106","Ebf2","13592"
"107","Ecsit","26940"
"108","Edf1","59022"
"109","Egr1","13653"
"110","Eid1","58521"
"111","Elf1","13709"
"112","Elk1","13712"
"113","Elk3","13713"
"114","Elk4","13714"
"115","Elob","67673"
"116","Elp2","58523"
"117","Emx2","13797"
"118","En1","13798"
"119","Eny2","223527"
"120","Eomes","13813"
"121","Ep300","328572"
"122","Epas1","13819"
"123","Erf","13875"
"124","Esrrb","26380"
"125","Ets1","23871"
"126","Ets2","23872"
"127","Etv2","14008"
"128","Etv3","27049"
"129","Etv4","18612"
"130","Etv5","104156"
"131","Etv6","14011"
"132","Evx1","14028"
"133","Fbxw7","50754"
"134","Fli1","14247"
"135","Foxa2","15376"
"136","Foxb1","64290"
"137","Foxc1","17300"
"138","Foxc2","14234"
"139","Foxd1","15229"
"140","Foxd2","17301"
"141","Foxd3","15221"
"142","Foxi2","270004"
"143","Foxj1","15223"
"144","Foxj3","230700"
"145","Foxk1","17425"
"146","Foxk2","68837"
"147","Foxo1","56458"
"148","Foxo4","54601"
"149","Foxp1","108655"
"150","Fubp3","320267"
"151","Gabpa","14390"
"152","Gata1","14460"
"153","Gata2","14461"
"154","Gata3","14462"
"155","Gata4","14463"
"156","Gata5","14464"
"157","Gata6","14465"
"158","Gatad2b","229542"
"159","Gbx2","14472"
"160","Gli1","14632"
"161","Gli2","14633"
"162","Gli3","14634"
"163","Glis2","83396"
"164","Gmeb1","56809"
"165","Gmeb2","229004"
"166","Gmnn","57441"
"167","Gpbp1","73274"
"168","Gps2","56310"
"169","Grhl2","252973"
"170","Grhl3","230824"
"171","Gsc","14836"
"172","Gtf2a1","83602"
"173","Gtf2a2","235459"
"174","Gtf2f2","68705"
"175","Gtf2h4","14885"
"176","Gtf2ird1","57080"
"177","Gtf3a","66596"
"178","Gzf1","74533"
"179","Hand1","15110"
"180","Hand2","15111"
"181","Hcfc1","15161"
"182","Hdac1","433759"
"183","Hdac2","15182"
"184","Hdac3","15183"
"185","Hdac4","208727"
"186","Hdac5","15184"
"187","Hes1","15205"
"188","Hes3","15207"
"189","Hes5","15208"
"190","Hes6","55927"
"191","Hes7","84653"
"192","Hey1","15213"
"193","Hif1a","15251"
"194","Hif3a","53417"
"195","Hipk1","15257"
"196","Hipk2","15258"
"197","Hivep1","110521"
"198","Hltf","20585"
"199","Hlx","15284"
"200","Hmbox1","219150"
"201","Hmg20b","15353"
"202","Hmga2","15364"
"203","Hmgb2","97165"
"204","Hnrnpab","15384"
"205","Homez","239099"
"206","Hopx","74318"
"207","Hoxa1","15394"
"208","Hoxa10","15395"
"209","Hoxa2","15399"
"210","Hoxa4","15401"
"211","Hoxa5","15402"
"212","Hoxa7","15404"
"213","Hoxa9","15405"
"214","Hoxb1","15407"
"215","Hoxb2","103889"
"216","Hoxb3","15410"
"217","Hoxb4","15412"
"218","Hoxb5","15413"
"219","Hoxb6","15414"
"220","Hoxb7","15415"
"221","Hoxb8","15416"
"222","Hoxb9","15417"
"223","Hoxc10","209448"
"224","Hoxc4","15423"
"225","Hoxc5","15424"
"226","Hoxc6","15425"
"227","Hoxc8","15426"
"228","Hoxc9","15427"
"229","Hoxd8","15437"
"230","Hoxd9","15438"
"231","Hsf1","15499"
"232","Hsf2","15500"
"233","Hyal2","15587"
"234","Id1","15901"
"235","Id2","15902"
"236","Id3","15903"
"237","Ighmbp2","20589"
"238","Ikzf5","67143"
"239","Irf2","16363"
"240","Irf2bp1","272359"
"241","Irf2bp2","270110"
"242","Irf3","54131"
"243","Irx1","16371"
"244","Irx2","16372"
"245","Irx3","16373"
"246","Irx5","54352"
"247","Jarid2","16468"
"248","Jdp2","81703"
"249","Jun","16476"
"250","Jund","16478"
"251","Jup","16480"
"252","Kat2a","14534"
"253","Kat5","81601"
"254","Kcnip3","56461"
"255","Kctd1","106931"
"256","Kdm3a","104263"
"257","Kdm5b","75605"
"258","Klf1","16596"
"259","Klf11","194655"
"260","Klf13","50794"
"261","Klf15","66277"
"262","Klf2","16598"
"263","Klf4","16600"
"264","Klf5","12224"
"265","Klf6","23849"
"266","Klf7","93691"
"267","Kmt5a","67956"
"268","Ldb1","16825"
"269","Ldb2","16826"
"270","Lef1","16842"
"271","Lhx1","16869"
"272","Lhx2","16870"
"273","Lhx5","16873"
"274","Lmo2","16909"
"275","Lmx1a","110648"
"276","Loxl2","94352"
"277","Lpin1","14245"
"278","Lpin2","64898"
"279","Lyl1","17095"
"280","Mafb","16658"
"281","Mafg","17134"
"282","Maml1","103806"
"283","Maml3","433586"
"284","Map3k10","269881"
"285","Max","17187"
"286","Maz","17188"
"287","Mecom","14013"
"288","Mecp2","17257"
"289","Med1","19014"
"290","Med10","28077"
"291","Med11","66172"
"292","Med13","327987"
"293","Med13l","76199"
"294","Med14","26896"
"295","Med17","234959"
"296","Med19","381379"
"297","Med22","20933"
"298","Med24","23989"
"299","Med26","70625"
"300","Med27","68975"
"301","Med30","69790"
"302","Med31","67279"
"303","Med4","67381"
"304","Med6","69792"
"305","Med7","66213"
"306","Med8","80509"
"307","Mef2a","17258"
"308","Meis1","17268"
"309","Meis3","17537"
"310","Meox1","17285"
"311","Meox2","17286"
"312","Mesp1","17292"
"313","Mesp2","17293"
"314","Mixl1","27217"
"315","Mlxip","208104"
"316","Mnt","17428"
"317","Mrtfa","223701"
"318","Mrtfb","239719"
"319","Msx1","17701"
"320","Msx2","17702"
"321","Msx3","17703"
"322","Mta1","116870"
"323","Mta2","23942"
"324","Mta3","116871"
"325","Mtdh","67154"
"326","Mtf1","17764"
"327","Mybbp1a","18432"
"328","Mybl2","17865"
"329","Myc","17869"
"330","Mycbp","56309"
"331","Mycn","18109"
"332","Mysm1","320713"
"333","N4bp2l2","381695"
"334","Naca","17938"
"335","Ncoa1","17977"
"336","Ncoa2","17978"
"337","Ncoa3","17979"
"338","Ncoa6","56406"
"339","Ncoa7","211329"
"340","Ncor1","20185"
"341","Ncor2","20602"
"342","Ndn","17984"
"343","Neurog1","18014"
"344","Nfat5","54446"
"345","Nfatc3","18021"
"346","Nfatc4","73181"
"347","Nfe2","18022"
"348","Nfe2l1","18023"
"349","Nfe2l2","18024"
"350","Nfic","18029"
"351","Nfil3","18030"
"352","Nfkb1","18033"
"353","Nfya","18044"
"354","Nfyb","18045"
"355","Nfyc","18046"
"356","Nkx2-5","18091"
"357","Nkx2-9","18094"
"358","Nkx6-1","18096"
"359","Nkx6-2","14912"
"360","Noto","384452"
"361","Npat","244879"
"362","Npm1","18148"
"363","Nr1h2","22260"
"364","Nr2f1","13865"
"365","Nr2f2","11819"
"366","Nr2f6","13864"
"367","Nr6a1","14536"
"368","Nrbf2","641340"
"369","Nrf1","18181"
"370","Nrip1","268903"
"371","Nucks1","98415"
"372","Olig2","50913"
"373","Otx1","18423"
"374","Otx2","18424"
"375","Pax3","18505"
"376","Pax6","18508"
"377","Pax8","18510"
"378","Pbx2","18515"
"379","Pbx4","80720"
"380","Pdlim1","54132"
"381","Per1","18626"
"382","Pex14","56273"
"383","Phb","18673"
"384","Phf12","268448"
"385","Phf2","18676"
"386","Phf21a","192285"
"387","Pias1","56469"
"388","Pir","69656"
"389","Pitx1","18740"
"390","Pitx2","18741"
"391","Pknox1","18771"
"392","Pknox2","208076"
"393","Plagl2","54711"
"394","Plscr1","22038"
"395","Pmf1","67037"
"396","Pml","18854"
"397","Pou3f1","18991"
"398","Pou3f3","18993"
"399","Pou5f1","18999"
"400","Ppard","19015"
"401","Prdm1","12142"
"402","Prdm14","383491"
"403","Prdm15","114604"
"404","Prdm5","70779"
"405","Prpf6","68879"
"406","Prrx1","18933"
"407","Prrx2","20204"
"408","Psip1","101739"
"409","Psmc3ip","19183"
"410","Psmd9","67151"
"411","Ptpn14","19250"
"412","Pura","19290"
"413","Purb","19291"
"414","Pus1","56361"
"415","Rad21","19357"
"416","Rad54l2","81000"
"417","Rap2c","72065"
"418","Rara","19401"
"419","Rarb","218772"
"420","Rarg","19411"
"421","Rbbp8","225182"
"422","Rcor1","217864"
"423","Rcor2","104383"
"424","Rela","19697"
"425","Rere","68703"
"426","Rest","19712"
"427","Rfx1","19724"
"428","Rfx2","19725"
"429","Rfx3","19726"
"430","Rfx4","71137"
"431","Rfx7","319758"
"432","Rfxank","19727"
"433","Riox2","67014"
"434","Rnf157","217340"
"435","Rnf20","109331"
"436","Rreb1","68750"
"437","Runx1t1","12395"
"438","Rxra","20181"
"439","Rxrb","20182"
"440","Sall1","58198"
"441","Sall2","50524"
"442","Sall3","20689"
"443","Sall4","99377"
"444","Sap130","269003"
"445","Sap30","60406"
"446","Satb1","20230"
"447","Sertad2","58172"
"448","Sin3a","20466"
"449","Sin3b","20467"
"450","Sirt1","93759"
"451","Sirt6","50721"
"452","Six1","20471"
"453","Six2","20472"
"454","Six3","20473"
"455","Six5","20475"
"456","Six6","20476"
"457","Ski","20481"
"458","Skil","20482"
"459","Slc30a9","109108"
"460","Smad1","17125"
"461","Smad2","17126"
"462","Smad4","17128"
"463","Smad5","17129"
"464","Smad6","17130"
"465","Smad7","17131"
"466","Smarca2","67155"
"467","Smarca4","20586"
"468","Smarcb1","20587"
"469","Smarcd3","66993"
"470","Snai1","20613"
"471","Snai2","20583"
"472","Snapc5","330959"
"473","Snw1","66354"
"474","Sox1","20664"
"475","Sox10","20665"
"476","Sox11","20666"
"477","Sox12","20667"
"478","Sox17","20671"
"479","Sox18","20672"
"480","Sox2","20674"
"481","Sox3","20675"
"482","Sox4","20677"
"483","Sox6","20679"
"484","Sox9","20682"
"485","Sp1","20683"
"486","Sp2","78912"
"487","Sp3","20687"
"488","Sp4","20688"
"489","Sp5","64406"
"490","Sp8","320145"
"491","Sqstm1","18412"
"492","Sra1","24068"
"493","Srebf2","20788"
"494","Srf","20807"
"495","Ss18","268996"
"496","Ss18l1","269397"
"497","Stag1","20842"
"498","Stat1","20846"
"499","Stat2","20847"
"500","Stat3","20848"
"501","Strn3","94186"
"502","Sub1","20024"
"503","Supt7l","72195"
"504","Tada2a","217031"
"505","Tada3","101206"
"506","Taf1","270627"
"507","Taf10","24075"
"508","Taf11","68776"
"509","Taf12","66464"
"510","Taf13","99730"
"511","Taf2","319944"
"512","Taf4","228980"
"513","Taf5","226182"
"514","Taf5l","102162"
"515","Taf7","24074"
"516","Taf9","108143"
"517","Tal1","21349"
"518","Tal2","21350"
"519","Tardbp","230908"
"520","Tbl1x","21372"
"521","Tbl1xr1","81004"
"522","Tbp","21374"
"523","Tbx1","21380"
"524","Tbx2","21385"
"525","Tbx3","21386"
"526","Tbx4","21387"
"527","Tbx5","21388"
"528","Tbx6","21389"
"529","Tcerg1","56070"
"530","Tcf12","21406"
"531","Tcf15","21407"
"532","Tcf20","21411"
"533","Tcf21","21412"
"534","Tcf3","21423"
"535","Tcf4","21413"
"536","Tcf7","21414"
"537","Tcf7l1","21415"
"538","Tcf7l2","21416"
"539","Tdg","21665"
"540","Tdrd3","219249"
"541","Tead1","21676"
"542","Tead2","21677"
"543","Tead3","21678"
"544","Tef","21685"
"545","Tfam","21780"
"546","Tfap2a","21418"
"547","Tfap2c","21420"
"548","Tfdp1","21781"
"549","Tfdp2","211586"
"550","Tgfb1i1","21804"
"551","Tgif1","21815"
"552","Thra","21833"
"553","Thrap3","230753"
"554","Tle5","14797"
"555","Tob1","22057"
"556","Trim24","21848"
"557","Trip4","56404"
"558","Trrap","100683"
"559","Tsg101","22088"
"560","Twist1","22160"
"561","Twist2","13345"
"562","Ube3a","22215"
"563","Ubp1","22221"
"564","Usf1","22278"
"565","Usf2","22282"
"566","Usp22","216825"
"567","Utf1","22286"
"568","Uxt","22294"
"569","Vgll2","215031"
"570","Wbp2","22378"
"571","Wdr75","73674"
"572","Wdr77","70465"
"573","Wtip","101543"
"574","Wwc1","211652"
"575","Wwp2","66894"
"576","Wwtr1","97064"
"577","Xbp1","22433"
"578","Yap1","22601"
"579","Yy1","22632"
"580","Zbtb16","235320"
"581","Zbtb38","245007"
"582","Zbtb7a","16969"
"583","Zc3h8","57432"
"584","Zcchc18","66995"
"585","Zeb1","21417"
"586","Zfhx3","11906"
"587","Zfp1","22640"
"588","Zfp105","22646"
"589","Zfp110","65020"
"590","Zfp111","56707"
"591","Zfp12","231866"
"592","Zfp13","22654"
"593","Zfp146","26465"
"594","Zfp148","22661"
"595","Zfp212","232784"
"596","Zfp213","449521"
"597","Zfp217","228913"
"598","Zfp219","69890"
"599","Zfp260","26466"
"600","Zfp263","74120"
"601","Zfp267","241944"
"602","Zfp280b","64453"
"603","Zfp281","226442"
"604","Zfp292","30046"
"605","Zfp322a","218100"
"606","Zfp334","228876"
"607","Zfp35","22694"
"608","Zfp354c","30944"
"609","Zfp397","69256"
"610","Zfp445","235682"
"611","Zfp46","22704"
"612","Zfp467","68910"
"613","Zfp516","329003"
"614","Zfp518b","100515"
"615","Zfp560","434377"
"616","Zfp568","243905"
"617","Zfp606","67370"
"618","Zfp612","234725"
"619","Zfp623","78834"
"620","Zfp628","232816"
"621","Zfp639","67778"
"622","Zfp647","239546"
"623","Zfp668","244219"
"624","Zfp68","24135"
"625","Zfp691","195522"
"626","Zfp7","223669"
"627","Zfp707","69020"
"628","Zfp710","209225"
"629","Zfp746","69228"
"630","Zfp770","228491"
"631","Zfp775","243372"
"632","Zfp869","66869"
"633","Zfp90","22751"
"634","Zfp937","245174"
"635","Zfp948","381066"
"636","Zfpm1","22761"
"637","Zfx","22764"
"638","Zhx2","387609"
"639","Zhx3","320799"
"640","Zic1","22771"
"641","Zic2","22772"
"642","Zic3","22773"
"643","Zim1","22776"
"644","Zkscan1","74570"
"645","Zkscan3","72739"
"646","Zkscan5","22757"
"647","Zkscan6","52712"
"648","Zmiz2","52915"
"649","Zmym5","219105"
"650","Zscan10","332221"
"651","Zscan12","22758"
"652","Zscan18","232875"
"653","Zscan21","22697"
"654","Zscan22","232878"
"655","Zxdc","80292"
"656","2700049A03Rik","76967"
"657","Actrt1","73360"
"658","Arl3","56350"
"659","Arl6","56297"
"660","Arl13b","68146"
"661","Armc9","78795"
"662","B9d1","27078"
"663","Bbs7","71492"
"664","Boc","117606"
"665","C2cd3","277939"
"666","Cc2d2a","231214"
"667","Cd3e","12501"
"668","Cdk20","105278"
"669","Cdon","57810"
"670","Cfap410","67884"
"671","Chrd","12667"
"672","Chsy1","269941"
"673","Cibar1","68099"
"674","Cluap1","76779"
"675","Ctnna1","12385"
"676","Dcdc2a","195208"
"677","Dhh","13363"
"678","Disp1","68897"
"679","Dlg5","71228"
"680","Dync2h1","110350"
"681","Dyrk2","69181"
"682","Dzip1","66573"
"683","Dzip1l","72507"
"684","Enpp1","18605"
"685","Evc","59056"
"686","Evc2","68525"
"687","Ext1","14042"
"688","Fbxl17","50758"
"689","Fgf9","14180"
"690","Fgf10","14165"
"691","Fgfr2","14183"
"692","Fgfr3","14184"
"693","Fkbp8","14232"
"694","Foxa1","15375"
"695","Foxf1","15227"
"696","Fuz","70300"
"697","Gas1","14451"
"698","Gas8","104346"
"699","Gorab","98376"
"700","Gpc2","71951"
"701","Gpc3","14734"
"702","Gpr37l1","171469"
"703","Gpr161","240888"
"704","Herc4","67345"
"705","Hhat","226861"
"706","Hhip","15245"
"707","Ift20","55978"
"708","Ift27","67042"
"709","Ift46","76568"
"710","Ift52","245866"
"711","Ift57","73916"
"712","Ift80","68259"
"713","Ift81","12589"
"714","Ift88","21821"
"715","Ift122","81896"
"716","Ift140","106633"
"717","Ift172","67661"
"718","Ihh","16147"
"719","Intu","380614"
"720","Iqub","214704"
"721","Kctd6","71393"
"722","Kctd11","216858"
"723","Kctd21","622320"
"724","Kif3a","16568"
"725","Kif7","16576"
"726","Megf8","269878"
"727","Mgrn1","17237"
"728","Mks1","380718"
"729","Mosmo","233812"
"730","Ndst1","15531"
"731","Nkx2-2","18088"
"732","Nme7","171567"
"733","Nog","18121"
"734","Nsdhl","18194"
"735","Pdcl","67466"
"736","Pdx1","18609"
"737","Pkd2l1","329064"
"738","Por","18984"
"739","Prkaca","18747"
"740","Prkacb","18749"
"741","Ptch1","19206"
"742","Ptch2","19207"
"743","Ptchd1","211612"
"744","Ptpdc1","218232"
"745","Rab23","19335"
"746","Rab34","19376"
"747","Rack1","14694"
"748","Rb1","19645"
"749","Ro60","20822"
"750","Ror2","26564"
"751","Rora","19883"
"752","Rpgrip1l","244585"
"753","Runx2","12393"
"754","Scube1","64706"
"755","Scube2","56788"
"756","Scube3","268935"
"757","Septin2","18000"
"758","Serpine2","20720"
"759","Sfrp1","20377"
"760","Shh","20423"
"761","Shox2","20429"
"762","Skor2","664805"
"763","Smo","319757"
"764","Ssna1","68475"
"765","Stil","20460"
"766","Stk36","269209"
"767","Sufu","24069"
"768","Tbc1d32","544696"
"769","Tctn1","654470"
"770","Tctn2","67978"
"771","Tctn3","67590"
"772","Tedc1","104732"
"773","Tedc2","72016"
"774","Tgfbr2","21813"
"775","Tmem17","103765"
"776","Tmem231","234740"
"777","Traf3ip1","74019"
"778","Ttbk2","140810"
"779","Ttc21b","73668"
"780","Ttc23","67009"
"781","Ttc26","264134"
"782","Tubd1","56427"
"783","Tulp3","22158"
"784","Txndc15","69672"
"785","Uchl5","56207"
"786","Ulk3","71742"
"787","Vcp","269523"
"788","Wdpcp","216560"
"789","Wdr11","207425"
"790","Wdr19","213081"
"791","Wnt7b","22422"
"792","Wnt9a","216795"
"793","Wnt10b","22410"
"794","Zfp423","94187"
"795","Apln","30878"
"796","Dstyk","213452"
"797","Fam20c","80752"
"798","Fgfbp1","14181"
"799","Fgfbp3","72514"
"800","Fgfrl1","116701"
"801","Gpc1","14733"
"802","Lrit3","242235"
"803","Ngfr","18053"
"804","Nptn","20320"
"805","Nrxn1","18189"
"806","Ofd1","237222"
"807","Pdgfb","18591"
"808","Prkd2","101540"
"809","Shisa2","219134"
"810","Smoc2","64074"
"811","Spry1","24063"
"812","Spry2","24064"
"813","Spry4","24066"
"814","Sulf1","240725"
"815","Sulf2","72043"
"816","Thbs1","21825"
"817","Wnt4","22417"
"818","Wnt5a","22418"
"819","Adcy3","104111"
"820","Adcy6","11512"
"821","Ankrd26","232339"
"822","Arf4","11843"
"823","Arl2","56327"
"824","B9d2","232987"
"825","Bbs1","52028"
"826","Bbs10","71769"
"827","Bbs12","241950"
"828","Bbs5","72569"
"829","Ccdc112","240261"
"830","Cfap100","243538"
"831","Ccdc63","330188"
"832","Ccdc65","105833"
"833","Ccdc66","320234"
"834","Cep152","99100"
"835","Cep250","16328"
"836","Cep41","83922"
"837","Cep89","72140"
"838","Cetn1","26369"
"839","Cetn3","12626"
"840","Cfap52","71860"
"841","Cnga1","12788"
"842","Cnga4","233649"
"843","Cngb1","333329"
"844","Cntrob","216846"
"845","Ccp110","101565"
"846","Crocc","230872"
"847","Crx","12951"
"848","Cttn","13043"
"849","Ddx59","67997"
"850","Disc1","244667"
"851","Dnaaf2","109065"
"852","Dnaaf3","436022"
"853","Dnah10","56087"
"854","Dnah6","330355"
"855","Dnajb13","69387"
"856","Dnal1","105000"
"857","Dnal4","54152"
"858","Dnali1","75563"
"859","Dpcd","226162"
"860","Drc1","381738"
"861","Drc3","74665"
"862","Dvl1","13542"
"863","Dynlt1b","21648"
"864","Efhc1","71877"
"865","Efhc2","74405"
"866","Fignl1","60530"
"867","Flcn","216805"
"868","Gdi2","14569"
"869","Gnai2","14678"
"870","Gpbar1","227289"
"871","Htr6","15565"
"872","Ift43","76411"
"873","Ift74","67694"
"874","Inpp5b","16330"
"875","Inpp5e","64436"
"876","Iqce","74239"
"877","Iqcg","69707"
"878","4933427D14Rik","74477"
"879","Kif17","16559"
"880","Kif19a","286942"
"881","Kif27","75050"
"882","Kif3b","16569"
"883","Kif3c","16570"
"884","Kifap3","16579"
"885","Lca5","75782"
"886","Luzp1","269593"
"887","Mal","17153"
"888","Mark4","232944"
"889","Mcidas","622408"
"890","Mcrs1","51812"
"891","Mlf1","17349"
"892","Mxi1","17859"
"893","Myb","17863"
"894","Nek4","23955"
"895","Nek9","217718"
"896","Nme5","75533"
"897","Nphp1","53885"
"898","Nubp1","26425"
"899","Nubp2","26426"
"900","Ocrl","320634"
"901","Osr1","23967"
"902","Pacrg","69310"
"903","Pafah1b1","18472"
"904","Pard3","93742"
"905","Pcnt","18541"
"906","Pebp1","23980"
"907","Jade1","269424"
"908","Pkd1","18763"
"909","Pkd2","18764"
"910","Plk1","18817"
"911","Poc1b","382406"
"912","Ppp2r1a","51792"
"913","Prkar1a","19084"
"914","Proser3","333193"
"915","Rab11a","53869"
"916","Rab11b","19326"
"917","Rab29","226422"
"918","Rab3ip","216363"
"919","Rilpl2","80291"
"920","Ropn1","76378"
"921","Ropn1l","252967"
"922","Rp2","19889"
"923","Rpgr","19893"
"924","Sdccag8","76816"
"925","Spa17","20686"
"926","Spag1","26942"
"927","Spef2","320277"
"928","Ssx2ip","99167"
"929","Stk3","56274"
"930","Stk39","53416"
"931","Stoml3","229277"
"932","Tapt1","231225"
"933","Tekt1","21689"
"934","Tekt2","24084"
"935","Tekt3","71062"
"936","Tex9","21778"
"937","Tmem80","71448"
"938","Topors","106021"
"939","Ttc17","74569"
"940","Ttc30a2","620631"
"941","Ttll5","320244"
"942","Tuba1c","22146"
"943","Tubb2a","22151"
"944","Ulk4","209012"
"945","Unc119","22248"
"946","Vhl","22346"
"947","Wdr62","233064"
"948","Wnk1","232341"
"949","Wnk4","69847"
"950","Zmynd10","114602"
